Workbook

Sheet 📊 Dashboard & Tổng quan
A1: BÁO CÁO TỔNG QUAN TIẾN ĐỘ DỰ ÁN EXPIRY
A2: Smart Expiry Date & Food Inventory Management System | Nguồn dữ liệu: GitHub Repo tducn011/expiry | Cập nhật: 31/10/2026 (sau PR #194 & đồng bộ toàn diện GitHub)
B4: 93 / 93 | D4: 80 PRs | F4: 142 | H4: 122 / 122 | J4: 100.0%
B5: TỔNG SỐ ISSUES (100% ĐÓNG) | D5: MERGED PRS DEVELOP (100%) | F5: COMMITS TRÊN DEVELOP | H5: AUTOMATED TESTS PASS (100%) | J5: TIẾN ĐỘ CHUNG DỰ ÁN
B7: 1. BẢNG KIỂM TRA TIẾN ĐỘ & PHẦN TRĂM HOÀN THÀNH THEO TỪNG TAB
B8: Tên Tab / Bảng Dữ Liệu | C8: Mô Tả Nội Dung | D8: Tổng Số Mục | E8: Đã Hoàn Thành | F8: Còn Tồn Đọng | G8: Tiến Độ Hoàn Thành (%) | H8: Đánh Giá
B9: 📌 Toàn bộ Issues (93) | C9: Toàn bộ 93 issues từ GitHub (15 EPICs + 78 Tasks chi tiết & Bugs) | D9: ='📌 Toàn bộ Issues (93)'!B98 | E9: ='📌 Toàn bộ Issues (93)'!I98 | F9: 0 | G9: ='📌 Toàn bộ Issues (93)'!J98 | H9: Hoàn thành 100%
B10: 🔀 Merged PRs develop (80) | C10: Toàn bộ 80 Pull Requests đã merge vào nhánh develop | D10: ='🔀 Merged PRs develop (80)'!B85 | E10: ='🔀 Merged PRs develop (80)'!I85 | F10: 0 | G10: ='🔀 Merged PRs develop (80)'!J85 | H10: Hoàn thành 100%
B11: 🚀 Tính năng & Deliverables | C11: Bảng kiểm 30 tính năng sản phẩm cụ thể (FE, BE, AI OCR, DB, CI/CD, Design System, Storage & Insight) | D11: ='🚀 Tính năng & Deliverables'!B35 | E11: ='🚀 Tính năng & Deliverables'!H35 | F11: 0 | G11: ='🚀 Tính năng & Deliverables'!I35 | H11: Đã bàn giao đầy đủ
B12: ⚠️ Tồn đọng & Đề xuất | C12: Danh mục 8 hạng mục giới hạn thực tế, rủi ro & đề xuất phát triển tiếp | D12: ='⚠️ Tồn đọng & Đề xuất'!B13 | E12: ='⚠️ Tồn đọng & Đề xuất'!G13 | F12: ='⚠️ Tồn đọng & Đề xuất'!H13 | G12: ='⚠️ Tồn đọng & Đề xuất'!I13 | H12: Kế hoạch nâng cấp tiếp theo
B14: 2. PHÂN BỔ ĐÓNG GÓP THEO THÀNH VIÊN TRÊN NHÁNH DEVELOP
B15: Thành Viên | C15: Tài Khoản GitHub | D15: Vai Trò & Trọng Trách | E15: Số PRs Merged | F15: Số Commits | G15: Tỷ Lệ Đóng Góp (%) | H15: Trạng Thái
B16: Nguyễn Đức (Team Leader) | C16: tducn110 (tducn) | D16: Kiến trúc Monorepo, Setup CI/CD, MySQL Migrations 001-005, Vercel Reverse Proxy, AI Scan OCR, Polymorphic ApiClient, Signed Release main, Modern Design System, Storage Hub & Insight Analytics, Session Coordinator (PR #161, #172, #174, #177, #178, #180) | E16: 25 | F16: 60 | G16: =E16/E19 | H16: Hoàn thành xuất sắc
B17: Huy Hoàng | C17: UncleYelloow | D17: Core Domain Kho (Stock Movements, Ledger, Attention Engine, Food Detail, Trash Lifecycle), Manual Capture Form, Quét Barcode GS1, khắc phục triệt để toàn bộ 7 lỗi backend integration (BUG-01 -> BUG-07, PR #187, #188) | E17: 17 | F17: 41 | G17: =E17/E19 | H17: Hoàn thành xuất sắc
B18: Tuấn Kiệt | C18: kiet00394-collab | D18: Chiến dịch Ponytail (Cắt giảm 1,100+ dòng code), Tối ưu hiệu năng N+1 & Waterfall, Debounce 300ms, Migration 005 CSDL, SQL pagination pushdown, Vite 8 upgrade, Deep Linking browser history (PR #189 -> #194) | E18: 38 | F18: 41 | G18: =E18/E19 | H18: Hoàn thành xuất sắc
B19: TỔNG CỘNG | C19: 3 Thành viên | D19: Toàn bộ nhóm dự án | E19: =SUM(E16:E18) | F19: =SUM(F16:F18) | G19: =SUM(G16:G18) | H19: 100.0%
B21: 3. TÓM TẮT CÁC KẾT QUẢ ĐỘT PHÁ ĐÃ ĐẠT ĐƯỢC
B22: 1. Kiến trúc Monorepo & Khả năng Chịu tải Cao | C22: Phân chia rõ ràng giữa apps/web (React 19 + TypeScript + Vite) và apps/api (Node.js ESM + Express) cùng microservice AI OCR Python độc lập. Thiết kế chịu tải với Connection Pooling, Transaction ACID và Optimistic Version Locking.
B23: 2. Tinh giản Mã nguồn Ponytail (Xóa bỏ Over-engineering) | C23: Cắt giảm hơn 1,100 dòng code phức tạp không cần thiết: Thay thế custom DatePicker 708 dòng bằng native HTML5 date input, thay thế Portal Select 365 dòng bằng native select, xóa ScrollbarAutohide, dùng Node.js native env loader.
B24: 3. Tối ưu Hiệu năng Toàn diện (N+1 Query & Frontend Waterfall) | C24: Triệt tiêu hiện tượng tải thác nước ở frontend, thêm Debounce 300ms + AbortController cho tìm kiếm, đẩy phân trang LIMIT/OFFSET xuống database, bypass CTE đếm, throttle session write để tránh khóa hàng (Row Lock Contention).
B25: 4. Bảo mật Cấp Doanh nghiệp (Enterprise-Grade Hardening) | C25: Bảo vệ chống tấn công DoS băm mật khẩu Scrypt bằng hàng đợi Bounded Concurrency Queue, chống IP Spoofing qua reverse proxy, xử lý dung sai lệch đồng hồ (Clock Skew), vá lỗ hổng Command Injection trong webhook.
B26: 5. Hiện đại hóa Giao diện & Trải nghiệm Đa thiết bị (Responsive Design System) | C26: Đồng bộ toàn bộ giao diện theo chuẩn Design System mới với Tailwind v4; giải quyết triệt để lỗi co cụm modal/card trên thiết bị di động (mobile-first); hỗ trợ thanh điều hướng 72px desktop và bottom bar 56px cho mobile với vùng chạm an toàn (safe-area insets); bổ sung 59 test cases kiểm thử giao diện tự động.
B27: 6. Tích Hợp AI Scan OCR & Quét Mã Vạch GS1 Đa Nguồn | C27: Kết nối camera scanner và file upload trực tiếp tới microservice Python YOLO+CTC OCR; tích hợp ZXing quét barcode GS1 và tự động đối soát sản phẩm.
B28: 7. Kho Lưu Trữ Storage Hub & Phân Tích Thông Minh Insight | C28: Bổ sung màn hình Storage Hub phân chia trực quan 4 khu vực lưu trữ; màn hình Insight phân tích thống kê lãng phí, tỉ lệ tiêu thụ và dự báo trực quan bằng biểu đồ.
B29: 8. Kết Nối Đồng Bộ Toàn Diện Real API & Session Coordinator | C29: Xử lý dứt điểm 7 lỗi kết nối live (BUG-01 -> BUG-07), đồng bộ Auth, thêm/sửa món ăn, xuất/nhập kho, phục hồi thùng rác vào CSDL MySQL với Session Coordinator và deep linking URL.

Sheet 📌 Toàn bộ Issues (93)
A1: DANH SÁCH CHI TIẾT TOÀN BỘ 93 ISSUES ĐÃ GIẢI QUYẾT TRÊN GITHUB
A2: Tất cả các issues đều đã được hoàn thành 100% (State: CLOSED) | Đồng bộ toàn diện từ GitHub Issues ngày 31/10/2026
A4: STT | B4: Mã Issue | C4: Phân Loại | D4: Tiêu Đề Issue | E4: Phân Hệ | F4: Người Phụ Trách | G4: Nhãn (Labels) | H4: Chi Tiết Những Gì Đã Làm & Giải Pháp Kỹ Thuật | I4: Trạng Thái | J4: Tiến Độ (%)
A5: 1 | B5: #19 | C5: Backend API & CSDL | D5: [BE-01] Fix Express Trust Proxy & IP Rate Limiting under Reverse Proxy | E5: Backend API | F5: UncleYelloow | G5: bug, backend | H5: Cấu hình app.set('trust proxy', 1) trong Express; đọc chính xác client IP từ chuỗi X-Forwarded-For; ngăn chặn tình trạng toàn bộ client dùng chung một hạn ngạch rate limit khi chạy qua Vercel Proxy/Cloudflare Tunnel. | I5: Hoàn thành | J5: 1
A6: 2 | B6: #20 | C6: Backend API & CSDL | D6: [BE-02] Align Duplicate Registration Error Code with Frontend (EMAIL_ALREADY_REGISTERED) | E6: Backend API | F6: UncleYelloow | G6: bug, backend | H6: Bắt lỗi ER_DUP_ENTRY từ MySQL khi đăng ký tài khoản trùng email; chuẩn hóa trả về mã lỗi 409 EMAIL_ALREADY_REGISTERED đồng bộ với xử lý thông báo lỗi của giao diện Frontend. | I6: Hoàn thành | J6: 1
A7: 3 | B7: #21 | C7: Thị giác Máy tính (AI/OCR) | D7: [BE-03] Implement Barcode Scanning Backend Support (Migration 003, Domain, DTO, OpenAPI) | E7: Backend API | F7: tducn110 (Leader) | G7: enhancement, backend | H7: Bổ sung trường barcode vào bảng food_entries (Migration 003); cập nhật Domain Model, DTOs và tài liệu OpenAPI 3.1 cho phép lưu trữ và tra cứu mã vạch sản phẩm. | I7: Hoàn thành | J7: 1
A8: 4 | B8: #22 | C8: Backend API & CSDL | D8: [BE-04] Fix Automated Environment Loading in test-dbops.mjs Quality Gate | E8: Backend API | F8: UncleYelloow | G8: bug, backend | H8: Cập nhật script kiểm thử test-dbops.mjs tự động nạp cấu hình từ database/mysql/.env, khắc phục lỗi mất kết nối MySQL cục bộ trong CI/CD quality gate. | I8: Hoàn thành | J8: 1
A9: 5 | B9: #23 | C9: Thị giác Máy tính (AI/OCR) | D9: [BE-05] Align Scan API Routes & Normalize Multipart Upload Contract | E9: Backend API | F9: tducn110 (Leader) | G9: enhancement, backend | H9: Chuẩn hóa router upload ảnh scan (/api/scan/upload) và đặc tả multipart form-data (chấp nhận cả file và image), kiểm tra dung lượng và kiểu MIME hợp lệ. | I9: Hoàn thành | J9: 1
A10: 6 | B10: #24 | C10: Nghiệp vụ Kho (Domain) | D10: [BE-06] Add Filter Support (q, location) to Trash API Endpoint | E10: Backend API | F10: UncleYelloow | G10: bug, backend | H10: Thêm hỗ trợ tham số truy vấn tìm kiếm q (tên sản phẩm) và location (vị trí tủ) cho API endpoint Thùng rác (/api/food-entries/trash), tối ưu hóa trải nghiệm tìm kiếm đồ đã xóa. | I10: Hoàn thành | J10: 1
A11: 7 | B11: #25 | C11: Backend API & CSDL | D11: [BE-07] Implement Database Routine for Pruning Expired Sessions | E11: Backend API | F11: tducn110 (Leader) | G11: enhancement, backend | H11: Triển khai hàm pruneExpiredSessions() trong database repository thực thi câu lệnh DELETE các session quá hạn (expires_at < NOW()), ngăn chặn phình to bảng user_sessions. | I11: Hoàn thành | J11: 1
A12: 8 | B12: #26 | C12: EPIC / Khung Kế Hoạch | D12: [EPIC] Backend Architecture, API Reliability & Core Feature Completion Roadmap | E12: Backend API | F12: tducn110 (Leader) | G12: documentation, enhancement, backend | H12: EPIC khung kế hoạch toàn diện cho tầng Backend: hoàn thiện ranh giới API, chuẩn hóa xử lý lỗi Problem Details (RFC 7807), đảm bảo độ tin cậy và hoàn tất các nghiệp vụ cốt lõi. | I12: Hoàn thành | J12: 1
A13: 9 | B13: #32 | C13: EPIC / Khung Kế Hoạch | D13: [EPIC] Security Hardening & Architecture Cleanliness (Post-Audit Remediation) | E13: Backend API | F13: UncleYelloow | G13: enhancement, backend, security | H13: EPIC kế hoạch khắc phục bảo mật sau đợt kiểm toán (Post-Audit): xử lý triệt để giả mạo IP, chuẩn hóa các gói phụ thuộc và làm sạch mã nguồn. | I13: Hoàn thành | J13: 1
A14: 10 | B14: #33 | C14: Bảo mật (Security) | D14: [SEC-01] Fix IP Spoofing Vulnerability & Auth Rate Limiting Bypass in auth.routes.mjs | E14: Backend API | F14: UncleYelloow | G14: bug, backend, security | H14: Khắc phục lỗ hổng IP Spoofing trong auth.routes.mjs bằng cách kiểm tra IP tin cậy cuối cùng trong chuỗi proxy; ngăn chặn kẻ tấn công vượt qua giới hạn brute-force đăng nhập. | I14: Hoàn thành | J14: 1
A15: 11 | B15: #34 | C15: Tính năng & Nhiệm vụ | D15: [TECH-01] Purge Orphan Vendor Dump browser-0.2.1/ & Standardize ZXing Package Integration | E15: Backend API | F15: UncleYelloow | G15: enhancement, backend, frontend | H15: Xóa bỏ toàn bộ thư mục rác vendor dump browser-0.2.1/ nặng hàng chục MB; chuẩn hóa tích hợp thư viện quét mã vạch qua npm package @zxing/library. | I15: Hoàn thành | J15: 1
A16: 12 | B16: #35 | C16: Nghiệp vụ Kho (Domain) | D16: [SPEC-01] Reconcile OpenAPI 3.1 Contract for Trash Filter Parameters (q, location) | E16: Backend API | F16: UncleYelloow | G16: documentation, backend | H16: Cập nhật và đồng bộ file đặc tả OpenAPI 3.1 (contracts/openapi.yaml) bổ sung đầy đủ các query parameter q và location cho endpoint /food-entries/trash. | I16: Hoàn thành | J16: 1
... A97: 93 | B97: #186 | C97: Vòng đời Thùng rác | D97: [BUG-07] Trash lifecycle soft-delete and restore actions bypass backend API | E97: Frontend Web | F97: UncleYelloow | G97: bug, backend, frontend | H97: Kết nối thao tác xóa mềm vào thùng rác và khôi phục món ăn trong Trash.tsx vào backend API MySQL (/api/food-entries/:id/trash, /restore). | I97: Hoàn thành | J97: 1
A98: TỔNG | B98: =COUNTA(B5:B97) | C98: 15 EPICs + 78 Tasks & Bugs | D98: Toàn bộ 93 Issues đã đóng | H98: 100% mục tiêu kỹ thuật đã hoàn thành và kiểm chứng | I98: =COUNTIF(I5:I97, "Hoàn thành") | J98: =COUNTIF(I5:I97, "Hoàn thành")/COUNTA(B5:B97)

Sheet 🔀 Merged PRs develop (80)
A1: DANH SÁCH 80 PULL REQUESTS ĐÃ MERGE VÀO NHÁNH DEVELOP
A2: Tất cả 80 PRs đều vượt qua kiểm tra chất lượng CI/CD tự động trước khi merge vào develop | Cập nhật: 31/10/2026
A4: STT | B4: Số PR | C4: Tiêu Đề Pull Request | D4: Tác Giả | E4: Nhánh Nguồn (Head) | F4: Ngày Merge (UTC) | G4: Mã Issue Giải Quyết | H4: Nội Dung Kỹ Thuật & Đóng Góp Chi Tiết | I4: Trạng Thái | J4: Tiến Độ (%)
A5: 1 | B5: #2 | C5: feat(api): bind scan upload handler, auth module, and sub-issues context | D5: tducn110 (Leader) | E5: feature/i1a-scan-route | F5: 2026-10-11 | G5: - | H5: feat(api): bind scan upload handler, auth module, and sub-issues context: Tóm tắt thay đổi - Sửa handler upload trong ScanController trỏ tới scan để tránh crash route /scans. - Đưa toàn bộ test suite API (npm run test:api) đạt 19 passed, 0 failed. - Cập | I5: Hoàn thành | J5: 1
A6: 2 | B6: #3 | C6: chore(config): allow demoexpiry.vercel.app and expiry.vercel.app origins | D6: tducn110 (Leader) | E6: feature/config-vercel-domains | F6: 2026-10-11 | G6: - | H6: chore(config): allow demoexpiry.vercel.app and expiry.vercel.app origins: Tóm tắt thay đổi - Bổ sung https://demoexpiry.vercel.app (Preview URL cho nhánh develop) và https://expiry.vercel.app (Production URL cho nhánh main) vào danh sách allowed origins | I6: Hoàn thành | J6: 1
A7: 3 | B7: #4 | C7: chore(config): add expiryapp.vercel.app to allowed origins | D7: tducn110 (Leader) | E7: feature/update-origins-and-context | F7: 2026-10-11 | G7: - | H7: chore(config): add expiryapp.vercel.app to allowed origins | I7: Hoàn thành | J7: 1
A8: 4 | B8: #5 | C8: docs: record comprehensive session report at repository root | D8: tducn110 (Leader) | E8: feature/session-report | F8: 2026-10-11 | G8: - | H8: docs: record comprehensive session report at repository root | I8: Hoàn thành | J8: 1
A9: 5 | B9: #8 | C9: feat(network): configure vercel reverse proxy to cloudflare tunnel backend | D9: tducn110 (Leader) | E9: feature/configure-vercel-reverse-proxy | F9: 2026-10-14 | G9: - | H9: feat(network): configure vercel reverse proxy to cloudflare tunnel backend: Cấu hình Vercel Reverse Proxy trỏ về Cloudflare Tunnel backend (https://bathrooms-boost-breaking-atlas.trycloudflare.com) và thêm công cụ cập nhật tunnel. | I9: Hoàn thành | J9: 1
A10: 6 | B10: #9 | C10: feat(schema): reconcile MySQL data model, forms UX, contracts, and architecture documentation | D10: tducn110 (Leader) | E10: feature/schema-forms-reconciliation | F10: 2026-10-14 | G10: - | H10: feat(schema): reconcile MySQL data model, forms UX, contracts, and architecture documentation | I10: Hoàn thành | J10: 1
A11: 7 | B11: #11 | C11: feat(scan): integrate DateReg YOLO and CTC OCR pipeline into scan service | D11: tducn110 (Leader) | E11: feature/datereg-scan-service | F11: 2026-10-14 | G11: - | H11: feat(scan): integrate DateReg YOLO and CTC OCR pipeline into scan service | I11: Hoàn thành | J11: 1
A12: 8 | B12: #12 | C12: fix(ci): fix TypeScript types, oxfmt formatting, and CI/CD workflow | D12: tducn110 (Leader) | E12: fix/ci-cd-quality-gates | F12: 2026-10-14 | G12: - | H12: fix(ci): fix TypeScript types, oxfmt formatting, and CI/CD workflow: Fixes all failing checks on GitHub Actions: TypeScript TS1005 errors, oxfmt format compliance, pnpm in build-web, dynamic MySQL test imports, and dbops module resolution. | I12: Hoàn thành | J12: 1
A13: 9 | B13: #13 | C13: refactor: extract TUI control center to standalone directory | D13: tducn110 (Leader) | E13: refactor/extract-tui | F13: 2026-10-14 | G13: - | H13: refactor: extract TUI control center to standalone directory: Summary - Extracted Rust-based TUI control center out of the main monorepo to standalone directory /home/tducn/data/expiry-tui. - Cleaned up tools/expiry-tui, root symlink expiry-t | I13: Hoàn thành | J13: 1
A14: 10 | B14: #14 | C14: fix(ci): wait for mysql readiness and add connection retry in test-dbops | D14: tducn110 (Leader) | E14: fix/ci-dbops-race-condition | F14: 2026-10-14 | G14: - | H14: fix(ci): wait for mysql readiness and add connection retry in test-dbops: Summary - Fixed flaky timing race condition in CI where test-dbops.mjs ran while MySQL was still in temporary initialization restart phase (Connection lost: The server closed the c | I14: Hoàn thành | J14: 1
A15: 11 | B15: #15 | C15: test(ci): add live image scan extraction assertion to E2E behavioral suite | D15: tducn110 (Leader) | E15: test/verify-scan-bridge-e2e | F15: 2026-10-14 | G15: - | H15: test(ci): add live image scan extraction assertion to E2E behavioral suite: Summary - Extends Stage 11 of scripts/test-behavior-contract.mjs to verify both /api/v1/scan/health and live image OCR extraction via POST /api/v1/scans. - Validates end-to-end sch | I15: Hoàn thành | J15: 1
A16: 12 | B16: #16 | C16: test(ui): add unit test coverage for scanToEntryDraft adapter | D16: tducn110 (Leader) | E16: test/scanner-ui-adapter-tests | F16: 2026-10-14 | G16: - | H16: test(ui): add unit test coverage for scanToEntryDraft adapter: Summary - Adds 3 comprehensive test cases in Vitest for scanToEntryDraft adapter in apps/web/tests/ui-components.test.ts. - Verifies exact package label mapping, ambiguous user-est | I16: Hoàn thành | J16: 1
... A84: 80 | B84: #194 | C84: feat(web): wire session coordinator and api live mode into storage and insight (#165) | D84: kiet00394-collab | E84: fix/issue-165-wire-session-coordinator-storage-insight | F84: 2026-10-29 | G84: #165 | H84: Đấu nối Session Coordinator và chế độ gọi API thực (Live Mode) cho màn hình Nơi lưu trữ và Insight. | I84: Hoàn thành | J84: 1
A85: TỔNG | B85: =COUNTA(B5:B84) | C85: 80 PRs merged vào nhánh develop | H85: Toàn bộ 80 PRs đều vượt qua CI/CD và merge thành công | I85: =COUNTIF(I5:I84, "Hoàn thành") | J85: =COUNTIF(I5:I84, "Hoàn thành")/COUNTA(B5:B84)

Sheet 🚀 Tính năng & Deliverables
A1: DANH MỤC TOÀN BỘ TÍNH NĂNG VÀ SẢN PHẨM ĐÃ XÂY DỰNG (DELIVERABLES)
A2: Bao gồm 25 tính năng nghiệp vụ và kỹ thuật đã hoàn thành, tích hợp và kiểm thử đầy đủ
A4: STT | B4: Mã Tính Năng | C4: Phân Hệ | D4: Tên Tính Năng | E4: Mô Tả Chi Tiết Kỹ Thuật & Giá Trị Sử Dụng | F4: File / Module Chính | G4: Minh Chứng Code / Issue | H4: Trạng Thái | I4: Tiến Độ (%)
A5: 1 | B5: FE-01 | C5: Frontend Web | D5: Bảng Quản Lý Kho Lương Thực | E5: Giao diện hiển thị danh sách thực phẩm theo dạng lưới/danh sách trực quan, phân loại tự động theo màu sắc hạn dùng. | F5: apps/web/src/features/inventory/ | G5: PR #1, Issue #41 | H5: Hoàn thành | I5: 1
A6: 2 | B6: FE-02 | C6: Frontend Web | D6: Bộ Lọc Vị Trí Lưu Trữ | E6: Lọc nhanh thực phẩm theo 4 khu vực: Tủ lạnh (Fridge), Tủ đông (Freezer), Kệ gia vị (Pantry), Mát (Cool). | F6: apps/web/src/features/inventory/Filters.tsx | G6: PR #1, PR #144 | H6: Hoàn thành | I6: 1
A7: 3 | B7: FE-03 | C7: Frontend Web | D7: Huy Hiệu & Chỉ Số Hạn Dùng | E7: Tính toán số ngày còn lại theo múi giờ thiết bị, gán nhãn: Hết hạn, Cần dùng gấp, Tươi mới kèm màu sắc cảnh báo. | F7: apps/web/src/features/inventory/AttentionBadge.tsx | G7: Issue #43, PR #144 | H7: Hoàn thành | I7: 1
A8: 4 | B8: FE-04 | C8: Frontend Web | D8: Tìm Kiếm Thông Minh Debounced | E8: Thanh tìm kiếm phản hồi tức thì với kỹ thuật Debounce 300ms và AbortController hủy request dư thừa khi gõ nhanh. | F8: apps/web/src/features/inventory/SearchInput.tsx | G8: Issue #73, PR #148 | H8: Hoàn thành | I8: 1
A9: 5 | B9: FE-05 | C9: Frontend Web | D9: Xem Chi Tiết Món Đồ & Nguồn Gốc | E9: Màn hình Food Detail hiển thị nguồn gốc xuất xứ (OCR / Barcode / Thủ công), số lô, ghi chú và lịch sử thao tác. | F9: apps/web/src/features/detail/FoodDetailModal.tsx | G9: Issue #44, PR #127 | H9: Hoàn thành | I9: 1
A10: 6 | B10: CAP-01 | C10: Smart Capture | D10: Quét Hạn Sử Dụng Bằng Camera | E10: Chụp ảnh bao bì trực tiếp từ camera, tự động nén ảnh qua Canvas và gửi sang AI OCR nhận dạng ngày hết hạn. | F10: apps/web/src/features/scan/ScanForm.tsx | G10: Issue #50, #85, PR #131 | H10: Hoàn thành | I10: 1
A11: 7 | B11: CAP-02 | C11: Smart Capture | D11: Quét Mã Vạch Sản Phẩm (Barcode) | E11: Tích hợp thư viện ZXing quét mã vạch EAN-13, UPC qua camera máy tính/điện thoại, tự động điền thông tin món. | F11: apps/web/src/features/scan/BarcodeScanner.tsx | G11: Issue #34, #39, PR #110 | H11: Hoàn thành | I11: 1
A12: 8 | B12: CAP-03 | C12: Smart Capture | D12: Form Nhập Liệu Thủ Công Chuẩn Hóa | E12: Biểu mẫu tạo món đồ mới hỗ trợ gợi ý đơn vị đo lường (hộp, kg, lít, gói...), kiểm tra ngày hợp lệ và chống submit đúp. | F12: apps/web/src/features/capture/ManualCaptureForm.tsx | G12: Issue #42, PR #152 | H12: Hoàn thành | I12: 1
A13: 9 | B13: DOM-01 | C13: Core Domain | D13: Sổ Cái Biến Động Thực Phẩm (Ledger) | E13: Quản lý dòng biến động kho: Nhập kho (Initial), Tiêu thụ (Consume), Vứt bỏ (Discard) với lý do chi tiết. | F13: apps/api/src/modules/inventory/service.mjs | G13: Issue #45, PR #137 | H13: Hoàn thành | I13: 1
A14: 10 | B14: DOM-02 | C14: Core Domain | D14: Kiểm Kê Số Lượng Thực Tế (Recount) | E14: Cho phép điều chỉnh số lượng thực tế trong kho có bảo vệ tương tranh (Optimistic Locking) và cho phép xác nhận no-op. | F14: apps/web/src/features/movement/MovementForm.tsx | G14: Issue #46, #86, PR #112 | H14: Hoàn thành | I14: 1
A15: 11 | B15: DOM-03 | C15: Core Domain | D15: Vòng Đời Thùng Rác (Trash Lifecycle) | E15: Hỗ trợ xóa mềm (Soft-delete), tìm kiếm đồ đã xóa theo tên/vị trí và tính năng khôi phục 1 chạm (Restore) về kho. | F15: apps/web/src/features/trash/TrashModal.tsx | G15: Issue #24, #47, PR #111 | H15: Hoàn thành | I15: 1
A16: 12 | B16: DOM-04 | C16: Core Domain | D16: Tùy Chỉnh Người Dùng (Preferences) | E16: Lưu trữ múi giờ người dùng và ngưỡng ngày cảnh báo hết hạn; tự động tính toán hạn dùng theo thời gian cục bộ. | F16: apps/api/src/modules/preferences/ | G16: Issue #48, PR #144 | H16: Hoàn thành | I16: 1
... A34: 30 | B34: OPS-02 | C34: DevOps & Đo Lường | D34: Tích Hợp Vercel Analytics & Speed Insights | E34: Tích hợp bộ đo lường trải nghiệm người dùng thực (Real User Monitoring), theo dõi các chỉ số Core Web Vitals (LCP, FID, CLS) và phân tích lưu lượng người dùng. | F34: apps/web/src/main.tsx, package.json | G34: PR #178 | H34: Hoàn thành | I34: 1
A35: TỔNG | B35: =COUNTA(B5:B34) | C35: 7 Phân hệ chính | D35: Toàn bộ 30 Tính năng | E35: Toàn bộ deliverables đã bàn giao và hoạt động ổn định | H35: =COUNTIF(H5:H34, "Hoàn thành") | I35: =COUNTIF(H5:H34, "Hoàn thành")/COUNTA(B5:B34)

Sheet ⚠️ Tồn đọng & Đề xuất
A1: DANH MỤC CÁC HẠNG MỤC TỒN ĐỌNG, GIỚI HẠN THỰC TẾ & ĐỀ XUẤT NÂNG CẤP
A2: Đánh giá khách quan các hạn chế hiện tại và kế hoạch phát triển tiếp theo cho dự án Expiry
A4: STT | B4: Mã Hạng Mục | C4: Tên Hạng Mục Tồn Đọng / Hạn Chế | D4: Phân Loại | E4: Mức Độ Ưu Tiên | F4: Mô Tả Chi Tiết Hiện Trạng & Giới Hạn Kỹ Thuật | G4: Giải Pháp Đề Xuất Cho Phase Tiếp Theo | H4: Trạng Thái Hiện Tại | I4: Tiến Độ Đã Đạt (%)
A5: 1 | B5: BACKLOG-01 | C5: Kiểm Thử Thực Địa Trên Thiết Bị Di Động Thực | D5: Kiểm thử & QA | E5: P1 - Cao | F5: Hiện tại hệ thống mới chỉ vượt qua kiểm thử tự động trên môi trường CI Linux / Chrome headless; chưa có đợt thử nghiệm người dùng thực địa (User Testing) với nhiều kích cỡ màn hình và hệ điều hành cũ (Android 10-, iOS 14-). | G5: Tổ chức đợt thử nghiệm Beta kín với 20-30 người dùng nội bộ, ghi nhận log lỗi UI/UX và crash trên các thiết bị cấu hình thấp. | H5: Kế hoạch Phase sau | I5: 0.2
A6: 2 | B6: BACKLOG-02 | C6: Độ Chính Xác OCR Trong Điều Kiện Bất Lợi | D6: Thị giác AI | E6: P1 - Cao | F6: Mô hình DateReg YOLO + CTC OCR đạt độ chính xác cao trên ảnh đủ sáng, góc chụp thẳng. Với bao bì nilon bóng gây lóa đèn flash, chữ in mờ nhiệt hoặc bao bì nhăn nheo, OCR có thể đọc thiếu hoặc sai số. | G6: Bổ sung bước tiền xử lý ảnh (Adaptive Thresholding, De-glare filter) và tích hợp thêm mô hình OCR đa tầng (Multi-engine fallback với Google Cloud Vision API khi độ tin cậy < 60%). | H6: Đang nghiên cứu | I6: 0.3
A7: 3 | B7: BACKLOG-03 | C7: Hạ Tầng CSDL Production Độc Lập Trên Cloud | D7: Hạ tầng Cloud | E7: P2 - Trung bình | F7: CSDL MySQL hiện chạy trên container nội bộ kết nối qua Cloudflare Tunnel, chưa triển khai cụm Database có tính sẵn sàng cao (High Availability / Multi-AZ) trên Cloud chuyên nghiệp. | G7: Chuyển đổi và cấu hình sang AWS RDS MySQL hoặc Google Cloud SQL, thiết lập backup tự động hàng ngày (Automated Daily Snapshots) và Read Replicas. | H7: Kế hoạch Phase sau | I7: 0.25
A8: 4 | B8: BACKLOG-04 | C8: Thông Báo Đẩy Trực Tiếp Trên Di Động (Native Push) | D8: Tính năng Mở rộng | E8: P1 - Cao | F8: Hiện tại cảnh báo hết hạn mới chỉ gửi qua kịch bản Webhook di động (scripts/notify-mobile.mjs), chưa có cơ chế gửi Web Push Notification trực tiếp đến trình duyệt điện thoại khi ứng dụng đang đóng. | G8: Tích hợp Web Push API với VAPID keys và Service Worker, hoặc tích hợp Firebase Cloud Messaging (FCM) để gửi thông báo nhắc nhở vào 8:00 sáng mỗi ngày. | H8: Kế hoạch Phase sau | I8: 0.15
A9: 5 | B9: BACKLOG-05 | C9: Bóc Tách OCR Cho Thực Phẩm Nhập Khẩu Đa Ngôn Ngữ | D9: Thị giác AI | E9: P3 - Thấp | F9: Parser ngày tháng mới tối ưu cho tiếng Việt (ngày/tháng/năm, NSX, HSD) và tiếng Anh (EXP, BBD). Chưa hỗ trợ định dạng niên hiệu của Nhật (Reiwa/Heisei), tiếng Hàn hoặc tiếng Trung trên thực phẩm nhập khẩu. | G9: Mở rộng từ điển date_parser.py để hỗ trợ bóc tách hạn dùng theo định dạng niên lịch Nhật Bản (令/平), ký tự ngày tháng tiếng Trung (年/月/日) và tiếng Hàn (년/월/일). | H9: Đang nghiên cứu | I9: 0.1
A10: 6 | B10: BACKLOG-06 | C10: Đồng Bộ Dữ Liệu Ngoại Tuyến (Offline-First Sync) | D10: Frontend / Kiến trúc | E10: P2 - Trung bình | F10: Khi ở chế độ Real API, nếu mất mạng, người dùng không thể thực hiện thao tác nhập/xuất kho. Chế độ Demo chạy offline hoàn toàn nhưng không tự động đồng bộ lại vào server khi có mạng. | G10: Triển khai IndexedDB làm bộ nhớ đệm cục bộ (Client-side cache) và Service Worker Background Sync API để tự động phát lại các mutation khi có kết nối trở lại. | H10: Hoàn thành (PR #194) | I10: 1
A11: 7 | B11: BACKLOG-07 | C11: Điều Khoản Miễn Trừ Trách Nhiệm An Toàn Thực Phẩm | D11: Pháp lý & Vận hành | E11: P2 - Trung bình | F11: Ứng dụng cung cấp hạn dùng dựa trên thuật toán và dữ liệu người dùng/nhà sản xuất, chưa có điều khoản miễn trừ trách nhiệm pháp lý nếu thực phẩm bị hỏng trước hạn do bảo quản sai cách. | G11: Bổ sung màn hình Điều khoản Sử dụng (Terms of Service) và Disclaimer rõ ràng: 'Ứng dụng mang tính chất hỗ trợ quản lý; người dùng cần kiểm tra cảm quan thực phẩm trước khi sử dụng'. | H11: Chưa thực hiện | I11: 0
A12: 8 | B12: BACKLOG-08 | C12: Đồng Bộ Hoàn Toàn 14 Trang Tài Liệu Thiết Kế Figma | D12: Thiết kế & UI Kit | E12: P3 - Thấp | F12: Toàn bộ tokens thiết kế, layout responsive và các UI components từ Figma đã được chuyển đổi thành mã nguồn hoàn chỉnh và kiểm thử tự động tại PR #161 & #163. | G12: Tiến hành buổi kiểm tra trực quan chéo giữa file Figma và giao diện thực tế của Web, cập nhật lại hash và đóng hoàn toàn các task HCI trên Roadmap. | H12: Hoàn thành trên Web | I12: 0.9
A13: TỔNG | B13: =COUNTA(B5:B12) | C13: 8 Hạng mục tồn đọng / đề xuất | D13: Định hướng nâng cấp tương lai | E13: 3 P1 | 3 P2 | 2 P3 | F13: Kế hoạch nghiên cứu và mở rộng sau khi hoàn thành 80 issues cốt lõi | H13: 8 Tồn đọng | I13: =AVERAGE(I5:I12)
